<?xml version="1.0" encoding="UTF-8"?>
<definitions xmlns="http://www.omg.org/spec/BPMN/20100524/MODEL" xmlns:xsi="http://www.w3.org/2001/XMLSchema-instance" xmlns:xsd="http://www.w3.org/2001/XMLSchema" xmlns:activiti="http://activiti.org/bpmn" xmlns:bpmndi="http://www.omg.org/spec/BPMN/20100524/DI" xmlns:omgdc="http://www.omg.org/spec/DD/20100524/DC" xmlns:omgdi="http://www.omg.org/spec/DD/20100524/DI" typeLanguage="http://www.w3.org/2001/XMLSchema" expressionLanguage="http://www.w3.org/1999/XPath" targetNamespace="http://www.activiti.org/processdef">
  <process id="part1_deployment" name="流程定义名称" isExecutable="true">
    <startEvent id="sid-8f5cecea-ce75-4a22-bc6b-cf64f2d440db"/>
    <endEvent id="sid-55c44b00-df34-4196-ae9e-b880612973c0"/>
    <userTask id="sid-7e35d24c-25d8-4755-925f-d56160d023ae" name="yuangong"/>
    <sequenceFlow id="sid-5a684260-cd69-4950-9424-400566132eb4" sourceRef="sid-8f5cecea-ce75-4a22-bc6b-cf64f2d440db" targetRef="sid-7e35d24c-25d8-4755-925f-d56160d023ae"/>
    <sequenceFlow id="sid-717854eb-c20c-47bc-b3df-670af2f5252a" sourceRef="sid-7e35d24c-25d8-4755-925f-d56160d023ae" targetRef="sid-55c44b00-df34-4196-ae9e-b880612973c0"/>
  </process>
  <bpmndi:BPMNDiagram id="BPMNDiagram_part1_deployment">
    <bpmndi:BPMNPlane bpmnElement="part1_deployment" id="BPMNPlane_part1_deployment">
      <bpmndi:BPMNShape id="shape-63b46198-7e9a-48f2-a271-366fec7c6e29" bpmnElement="sid-8f5cecea-ce75-4a22-bc6b-cf64f2d440db">
        <omgdc:Bounds x="-60.0" y="-100.0" width="30.0" height="30.0"/>
      </bpmndi:BPMNShape>
      <bpmndi:BPMNShape id="shape-a2c26d1c-8adb-4b65-923b-f7a8f38fa102" bpmnElement="sid-55c44b00-df34-4196-ae9e-b880612973c0">
        <omgdc:Bounds x="-55.0" y="75.0" width="30.0" height="30.0"/>
      </bpmndi:BPMNShape>
      <bpmndi:BPMNShape id="shape-7726ba45-023c-4a15-8fb4-d86034e7189f" bpmnElement="sid-7e35d24c-25d8-4755-925f-d56160d023ae">
        <omgdc:Bounds x="-77.5" y="-25.0" width="65.0" height="45.0"/>
      </bpmndi:BPMNShape>
      <bpmndi:BPMNEdge id="edge-5fe1983e-00c6-4caa-a367-bacc67821b52" bpmnElement="sid-5a684260-cd69-4950-9424-400566132eb4">
        <omgdi:waypoint x="-45.0" y="-70.0"/>
        <omgdi:waypoint x="-45.0" y="-25.0"/>
      </bpmndi:BPMNEdge>
      <bpmndi:BPMNEdge id="edge-b5700fb3-063b-4470-87f1-7a5bd2dc261f" bpmnElement="sid-717854eb-c20c-47bc-b3df-670af2f5252a">
        <omgdi:waypoint x="-45.0" y="20.0"/>
        <omgdi:waypoint x="-47.5" y="75.0"/>
      </bpmndi:BPMNEdge>
    </bpmndi:BPMNPlane>
  </bpmndi:BPMNDiagram>
</definitions>
